key,es,en,source
about.cta.bg_text,CONTÁCTANOS,CONTACT US,i18n
about.cta.btn,Cotizar Proyecto,Quote Project,i18n
about.cta.description,Contáctanos para una consultoría gratuita y evaluación de tu almacén.,Contact us for a free consultation and warehouse evaluation.,i18n
about.cta.title,INICIA TU PROYECTO HOY,START YOUR PROJECT TODAY,i18n
about.gallery.img1,Industria automotriz,Automotive industry,i18n
about.gallery.img2,Industria alimentaria,Food industry,i18n
about.gallery.img3,Logística,Logistics,i18n
about.gallery.img4,Manufactura,Manufacturing,i18n
about.gallery.img5,Farmacéutica,Pharmaceutical,i18n
about.gallery.img6,Retail,Retail,i18n
about.gallery.img7,Instalación,Installation,i18n
about.gallery.img8,Racks industriales,Industrial racks,i18n
about.hero.bg_text,NOSOTROS,ABOUT US,i18n
about.hero.cta,Contáctanos,Contact Us,i18n
about.hero.description,"Diseñamos, fabricamos e instalamos soluciones de racks industriales respaldadas por experiencia técnica y de campo.","We design, manufacture, and install industrial racking solutions backed by technical and field experience.",i18n
about.hero.mobile_subtitle,NOSOTROS,ABOUT US,i18n
about.hero.title_p1,NUESTRA VISIÓN ES,OUR VISION IS,i18n
about.hero.title_p2,CONSTRUIR,TO BUILD,i18n
about.hero.title_p3,TU FUTURO,YOUR FUTURE,i18n
about.mission.cta,Ver Nuestros Servicios,View Our Services,i18n
about.mission.p1,"Flint Racks nació de la convicción de que la eficiencia y la seguridad son la base de toda operación bien diseñada. Estamos enfocados en diseñar, fabricar e implementar racks industriales y soluciones de almacenamiento, respaldadas por conocimiento técnico y experiencia de campo.","Flint Racks was born from the conviction that efficiency and safety are the foundation of every well-designed operation. We are focused on designing, manufacturing, and implementing industrial racks and storage solutions, backed by technical knowledge and field experience.",i18n
about.mission.p2,"En un mundo donde las operaciones de las empresas dependen de su capacidad de organización, seguridad y optimización de espacio, nos convertimos en un socio estratégico. Hablamos de estructuras metálicas, pero también de confianza, respaldo y visión de crecimiento. Porque entendemos que cada rack sostiene mucho más que productos: sostiene la logística, la seguridad y la continuidad del negocio.","In a world where company operations depend on their organization capacity, safety, and space optimization, we become a strategic partner. We talk about metal structures, but also about trust, support, and a vision of growth. Because we understand that each rack holds much more than products: it holds logistics, security, and business continuity.",i18n
about.mission.subtitle,Quiénes Somos,Who We Are,i18n
about.mission.title,FUERZA ESTRUCTURAL QUE IMPULSA OPERACIONES,STRUCTURAL STRENGTH THAT DRIVES OPERATIONS,i18n
about.values.cta_btn,Ver Servicios,View Services,i18n
about.values.cta_desc,Conoce nuestros servicios y descubre cómo podemos optimizar tu operación.,Learn about our services and discover how we can optimize your operation.,i18n
about.values.cta_title,TRABAJA CON NOSOTROS,WORK WITH US,i18n
about.values.subtitle,Lo Que Nos Define,What Defines Us,i18n
about.values.title,VALORES DE MARCA,BRAND VALUES,i18n
about.values.v1_desc,"Estructuras confiables garantizadas, construidas para durar y rendir bajo condiciones exigentes.","Guaranteed reliable structures, built to last and perform under demanding conditions.",i18n
about.values.v1_title,SOLIDEZ,SOLIDITY,i18n
about.values.v2_desc,Diseño adaptado a tus necesidades operativas específicas y planes de crecimiento.,Design adapted to your specific operational needs and growth plans.,i18n
about.values.v2_title,INNOVACIÓN,INNOVATION,i18n
about.values.v3_desc,"Acompañamos a nuestros clientes en cada fase, desde el diseño hasta la operación.","We support our clients in every phase, from design to operation.",i18n
about.values.v3_title,COMPROMISO,COMMITMENT,i18n
about.values.v4_desc,"Maximizando espacio, tiempo y productividad en cada instalación.","Maximizing space, time, and productivity in each installation.",i18n
about.values.v4_title,EFICIENCIA,EFFICIENCY,i18n
about.values.v5_desc,"Cada rack protege no solo productos, sino toda tu operación empresarial.",Each rack protects not only products but your entire business operation.,i18n
about.values.v5_title,SEGURIDAD,SAFETY,i18n
admin_blogs.author_label,Autor,Author,i18n
admin_blogs.cancel,Cancelar,Cancel,i18n
admin_blogs.content_label,Contenido,Content,i18n
admin_blogs.create,Nueva Publicación,New Post,i18n
admin_blogs.date_label,Fecha,Date,i18n
admin_blogs.delete,Eliminar,Delete,i18n
admin_blogs.edit,Editar,Edit,i18n
admin_blogs.excerpt_label,Extracto,Excerpt,i18n
admin_blogs.login,Iniciar Sesión,Login,i18n
admin_blogs.logout,Cerrar Sesión,Logout,i18n
admin_blogs.save,Guardar,Save,i18n
admin_blogs.status_label,Estado,Status,i18n
admin_blogs.title,Panel de Administración,Admin Panel,i18n
admin_blogs.title_label,Título,Title,i18n
blog_page.all_articles,Todos los Artículos,All Articles,i18n
blog_page.back_to_blog,Volver al Blog,Back to Blog,i18n
blog_page.hero.bg_text,BLOG,BLOG,i18n
blog_page.hero.description,"Explora las últimas tendencias, consejos de seguridad y mejores prácticas en sistemas de almacenamiento industrial.","Explore the latest trends, safety tips, and best practices in industrial storage systems.",i18n
blog_page.hero.mobile_subtitle,BLOG,BLOG,i18n
blog_page.hero.title_p1,BLOG Y,BLOG &,i18n
blog_page.hero.title_p2,NOTICIAS,NEWS,i18n
blog_page.latest_article,Último Artículo,Latest Article,i18n
blog_page.no_posts,No se encontraron publicaciones.,No posts found.,i18n
blog_page.not_found,Artículo no encontrado,Article not found,i18n
blog_page.read_more,Leer Más,Read More,i18n
contact.faqs.a1,"Ofrecemos una gama completa que incluye rack selectivo, rack drive-in y drive-through, sistemas push-back, racks cantilever, soluciones de mezzanine y sistemas multinivel.","We offer a full range including selective rack, drive-in and drive-through rack, push-back systems, cantilever racks, mezzanine solutions, and multi-level systems.",i18n
contact.faqs.a2,Los tiempos de instalación varían según el alcance del proyecto. Una instalación estándar típicamente toma de 2 a 4 semanas. Ofrecemos planes de despliegue por fases para minimizar la interrupción.,Installation times vary by project scope. A standard installation typically takes 2 to 4 weeks. We offer phased deployment plans to minimize disruption.,i18n
contact.faqs.a3,"Sí, realizamos visitas técnicas de evaluación sin costo ni compromiso. Durante la visita, nuestros ingenieros evalúan el espacio y tus necesidades para elaborar una propuesta personalizada.","Yes, we perform evaluation technical visits at no cost or commitment. During the visit, our engineers evaluate the space and your needs to prepare a customized proposal.",i18n
contact.faqs.a4,Contamos con cobertura a nivel nacional. Tenemos presencia directa en los principales centros industriales del país y red de distribución que nos permite atender proyectos en cualquier estado.,We have national coverage. We have a direct presence in the main industrial centers of the country and a distribution network that allows us to serve projects in any state.,i18n
contact.faqs.q1,¿Qué tipos de sistemas de racks ofrecen?,What types of rack systems do you offer?,i18n
contact.faqs.q2,¿Cuánto tiempo toma una instalación típica?,How long does a typical installation take?,i18n
contact.faqs.q3,¿Ofrecen visitas técnicas sin costo?,Do you offer technical visits at no cost?,i18n
contact.faqs.q4,¿Tienen cobertura a nivel nacional?,Do you have national coverage?,i18n
contact.faqs.title_p1,PREGUNTAS,FREQUENTLY,i18n
contact.faqs.title_p2,FRECUENTES,QUESTIONS,i18n
contact.form.email,Correo Electrónico,Email Address,i18n
contact.form.message,Mensaje,Message,i18n
contact.form.name,Tu Nombre,Your Name,i18n
contact.form.phone,Teléfono,Phone,i18n
contact.form.subject,Asunto,Subject,i18n
contact.form.submit,Enviar,Send,i18n
contact.form.success,¡Gracias! Nos pondremos en contacto contigo pronto.,Thank you! We'll get in touch soon.,i18n
contact.form.terms,Acepto los términos y condiciones,I accept the terms and conditions,i18n
contact.form.terms_error,Debes aceptar los términos y condiciones.,You must accept the terms and conditions.,i18n
contact.hero.bg_text,CONTACTO,CONTACT,i18n
contact.hero.cta,Cotizar Ahora,Get a Quote,i18n
contact.hero.description,Nuestro equipo está listo para asesorarte en tu próximo proyecto de almacenamiento.,Our team is ready to advise you on your next storage project.,i18n
contact.hero.mobile_subtitle,CONTACTO,CONTACT,i18n
contact.hero.title_p1,ESTAMOS ,WE ARE ,i18n
contact.hero.title_p2,PARA ,HERE TO ,i18n
contact.hero.title_p3,AYUDARTE,HELP,i18n
contact.info.address_title,Dirección,Address,i18n
contact.info.address_value,"Ejército nacional No. 700 Piso 2 Interior 201, CDMX, México","Ejército nacional No. 700 Piso 2 Interior 201, CDMX, Mexico",i18n
contact.info.contact_title,Contáctanos,Contact Us,i18n
contact.info.hours_mon_fri,Lun – Vie: 9:00 – 18:00,Mon – Fri: 9:00 – 18:00,i18n
contact.info.hours_sat,Sábado y domingo: Cerrado,Saturday and Sunday: Closed,i18n
contact.info.hours_sun,Domingo: Cerrado,Sunday: Closed,i18n
contact.info.hours_title,Horario,Hours,i18n
coverage.faqs.a1,"Sí, contamos con cobertura en las principales ciudades y zonas industriales de México. Nuestro equipo de instalación se desplaza a cualquier punto del país para garantizar un servicio profesional y oportuno.","Yes, we have coverage in the main cities and industrial zones of Mexico. Our installation team travels anywhere in the country to guarantee a professional and timely service.",i18n
coverage.faqs.a2,"El tiempo de instalación varía según la ubicación y el tamaño del proyecto. Generalmente, para proyectos fuera de la zona metropolitana, el proceso toma entre 5 y 15 días hábiles desde la confirmación del pedido.","Installation time varies depending on the location and size of the project. Generally, for projects outside the metropolitan area, the process takes between 5 and 15 business days from order confirmation.",i18n
coverage.faqs.a3,"Sí, nuestro servicio de mantenimiento preventivo y correctivo está disponible en todas las ubicaciones donde realizamos instalaciones. Contamos con equipos regionales para atender cualquier necesidad.","Yes, our preventive and corrective maintenance service is available in all locations where we install. We have regional teams to address any needs.",i18n
coverage.faqs.a4,Contamos con una red de distribuidores autorizados en las principales ciudades del país. Contáctanos para verificar la disponibilidad en tu zona y conectarte con el distribuidor más cercano.,We have a network of authorized distributors in the main cities of the country. Contact us to verify availability in your area and connect you with the nearest distributor.,i18n
coverage.faqs.cta,Ver todas las preguntas,See all questions,i18n
coverage.faqs.q1,¿Realizan instalaciones en todo México?,Do you install all over Mexico?,i18n
coverage.faqs.q2,¿Cuánto tiempo tarda la instalación fuera de la zona metropolitana?,How long does installation take outside the metropolitan area?,i18n
coverage.faqs.q3,¿Ofrecen servicio de mantenimiento en todas las ubicaciones?,Do you offer maintenance service in all locations?,i18n
coverage.faqs.q4,¿Tienen distribuidores autorizados en mi ciudad?,Do you have authorized distributors in my city?,i18n
coverage.faqs.title,Preguntas Frecuentes,Frequently Asked Questions,i18n
coverage.hero.bg_text,COBERTURA,COVERAGE,i18n
coverage.hero.cta,Solicitar Cobertura,Request Coverage,i18n
coverage.hero.description,Cubrimos el 98% del territorio mexicano con puntos estratégicos en toda la República.,We cover 98% of the Mexican territory with strategic points throughout the Republic.,i18n
coverage.hero.mobile_subtitle,COBERTURA,COVERAGE,i18n
coverage.hero.title_p1,PRESENCIA ,NATIONAL ,i18n
coverage.hero.title_p2,NACIONAL,PRESENCE,i18n
coverage.hero.title_p3,", SERVICIO LOCAL",", LOCAL SERVICE",i18n
coverage.map.description,Explora nuestra presencia en cada estado de la República Mexicana. Posiciona el cursor sobre cualquier estado para más información.,Explore our presence in each state of Mexico. Hover over any state for more information.,i18n
coverage.map.title_p1,Mapa de,Coverage,i18n
coverage.map.title_p2,Cobertura,Map,i18n
coverage.regions.bajio,Bajío,Bajio,i18n
coverage.regions.center,Centro,Center,i18n
coverage.regions.north,Norte,North,i18n
coverage.regions.south,Sur,South,i18n
coverage.stats.cities,Ciudades,Cities,i18n
coverage.stats.desc,"Con presencia en más de 25 estados de la República Mexicana, llevamos soluciones de almacenamiento industrial a donde tu negocio lo necesite. Nuestro equipo de especialistas garantiza instalación profesional y soporte técnico en cada región.","With a presence in more than 25 states of the Mexican Republic, we bring industrial storage solutions to wherever your business needs it. Our team of specialists guarantees professional installation and technical support in each region.",i18n
coverage.stats.states,Estados,States,i18n
coverage.stats.title,Cubrimos gran parte del país,We cover a large part of the country,i18n
faq_page.categories.contact.a1,"Puedes solicitar una cotización a través de nuestro formulario de contacto en la página web, por correo electrónico o llamando directamente a nuestras oficinas. Un asesor se pondrá en contacto contigo en menos de 24 horas hábiles.","You can request a quote through our contact form on the website, by email, or by calling our offices directly. An advisor will get in touch with you in less than 24 business hours.",i18n
faq_page.categories.contact.a2,"Sí, realizamos visitas técnicas de evaluación sin costo ni compromiso para proyectos dentro de nuestra zona de cobertura directa. Durante la visita, nuestros ingenieros evalúan el espacio y tus necesidades para elaborar una propuesta personalizada.","Yes, we perform evaluation technical visits at no cost or commitment for projects within our direct coverage zone. During the visit, our engineers evaluate the space and your needs to prepare a customized proposal.",i18n
faq_page.categories.contact.a3,"Nuestro horario de atención es de lunes a viernes de 8:00 a 18:00 horas. Para emergencias o proyectos en curso, contamos con una línea de soporte técnico disponible fuera de horario regular.","Our hours of operation are Monday to Friday from 8:00 AM to 6:00 PM. For emergencies or projects in progress, we have a technical support line available outside regular hours.",i18n
faq_page.categories.contact.a4,"Trabajamos con nuestros clientes para encontrar el mejor arreglo financiero para sus necesidades. Contáctanos para discutir las opciones disponibles incluyendo compra directa, arrendamiento y planes de implementación por fases.","We work with our clients to find the best financial arrangement for their needs. Contact us to discuss available options including direct purchase, leasing, and phased implementation plans.",i18n
faq_page.categories.contact.a5,"Sí, atendemos desde pequeñas y medianas empresas hasta grandes corporativos. Nuestras soluciones son escalables y se adaptan a cualquier volumen de operación, garantizando siempre la misma calidad y compromiso.","Yes, we serve everyone from small and medium enterprises to large corporations. Our solutions are scalable and adapt to any operation volume, always guaranteeing the same quality and commitment.",i18n
faq_page.categories.contact.q1,¿Cómo puedo solicitar una cotización?,How can I request a quote?,i18n
faq_page.categories.contact.q2,¿Ofrecen visitas técnicas sin costo?,Do you offer technical visits at no cost?,i18n
faq_page.categories.contact.q3,¿Cuál es el horario de atención?,What are the hours of operation?,i18n
faq_page.categories.contact.q4,¿Ofrecen opciones de financiamiento o arrendamiento?,Do you offer financing or leasing options?,i18n
faq_page.categories.contact.q5,¿Trabajan con empresas de cualquier tamaño?,Do you work with companies of any size?,i18n
faq_page.categories.contact.title,CONTACTO,CONTACT,i18n
faq_page.categories.coverage.a1,Contamos con cobertura a nivel nacional. Tenemos presencia directa en los principales centros industriales del país y red de distribución que nos permite atender proyectos en cualquier estado de la república mexicana.,We have national coverage. We have a direct presence in the main industrial centers of the country and a distribution network that allows us to serve projects in any state of the Mexican republic.,i18n
faq_page.categories.coverage.a2,"Sí, nuestro equipo de instalación se desplaza a cualquier punto del país. Contamos con cuadrillas especializadas que pueden movilizarse para proyectos en ubicaciones remotas o fuera de las principales zonas metropolitanas.","Yes, our installation team travels to any point in the country. We have specialized crews that can mobilize for projects in remote locations or outside the main metropolitan areas.",i18n
faq_page.categories.coverage.a3,Operamos desde nuestras instalaciones principales y contamos con alianzas estratégicas en diferentes regiones del país que nos permiten ofrecer tiempos de respuesta competitivos sin importar la ubicación de tu proyecto.,We operate from our main facilities and have strategic alliances in different regions of the country that allow us to offer competitive response times regardless of your project's location.,i18n
faq_page.categories.coverage.a4,"Sí, nuestros programas de mantenimiento preventivo e inspección están disponibles a nivel nacional. Coordinamos visitas periódicas con nuestros técnicos certificados para garantizar el óptimo funcionamiento de tus sistemas.","Yes, our preventive maintenance and inspection programs are available nationwide. We coordinate periodic visits with our certified technicians to guarantee the optimal functioning of your systems.",i18n
faq_page.categories.coverage.a5,"Planificamos cuidadosamente la logística de cada proyecto considerando rutas de transporte, accesos y condiciones locales. Incluimos los costos de movilización de forma transparente en nuestras cotizaciones.","We carefully plan the logistics of each project considering transport routes, access, and local conditions. We include mobilization costs transparently in our quotes.",i18n
faq_page.categories.coverage.q1,¿En qué estados de la república tienen cobertura?,In which states of the republic do you have coverage?,i18n
faq_page.categories.coverage.q2,¿Realizan instalaciones fuera de su zona principal?,Do you perform installations outside your main zone?,i18n
faq_page.categories.coverage.q3,¿Tienen sucursales o centros de distribución regionales?,Do you have regional branches or distribution centers?,i18n
faq_page.categories.coverage.q4,¿Ofrecen servicio de mantenimiento en todo el país?,Do you offer maintenance service nationwide?,i18n
faq_page.categories.coverage.q5,¿Cómo manejan la logística para proyectos en zonas alejadas?,How do you handle logistics for projects in remote areas?,i18n
faq_page.categories.coverage.title,COBERTURA EN EL PAÍS,NATIONAL COVERAGE,i18n
faq_page.categories.delivery.a1,Los tiempos de instalación varían según el alcance del proyecto. Una instalación estándar de almacén típicamente toma de 2 a 4 semanas. Ofrecemos planes de despliegue por fases para minimizar la interrupción en tus operaciones.,Installation times vary by project scope. A standard warehouse installation typically takes 2 to 4 weeks. We offer phased deployment plans to minimize disruption to your operations.,i18n
faq_page.categories.delivery.a2,"Desde la consulta inicial hasta la instalación, un proyecto típico toma de 6 a 10 semanas dependiendo de la complejidad y el alcance. Esto incluye diseño, ingeniería, fabricación e instalación. Se dispone de tiempos acelerados para proyectos urgentes.","From initial consultation to installation, a typical project takes 6 to 10 weeks depending on complexity and scope. This includes design, engineering, manufacturing, and installation. Accelerated times are available for urgent projects.",i18n
faq_page.categories.delivery.a3,"Sí, contamos con opciones de fabricación acelerada para proyectos con plazos ajustados. Evaluamos cada caso de forma individual para determinar la viabilidad y los costos asociados a la aceleración del proyecto.","Yes, we have accelerated manufacturing options for projects with tight deadlines. We evaluate each case individually to determine viability and associated costs for project acceleration.",i18n
faq_page.categories.delivery.a4,"Mantenemos comunicación constante sobre el avance del proyecto. En caso de imprevistos, informamos de inmediato y presentamos un plan de contingencia para minimizar el impacto en tus operaciones y cumplir con los plazos acordados.","We maintain constant communication on project progress. In case of unforeseen events, we inform immediately and present a contingency plan to minimize the impact on your operations and meet agreed deadlines.",i18n
faq_page.categories.delivery.a5,"Generalmente entregamos la cotización formal entre 3 y 5 días hábiles después de la visita técnica. Para proyectos más complejos que requieren ingeniería detallada, el plazo puede extenderse hasta 10 días hábiles.","We generally deliver the formal quote between 3 and 5 business days after the technical visit. For more complex projects requiring detailed engineering, the period may extend up to 10 business days.",i18n
faq_page.categories.delivery.q1,¿Cuánto tiempo toma una instalación típica?,How long does a typical installation take?,i18n
faq_page.categories.delivery.q2,¿Cuál es el tiempo de entrega para un nuevo proyecto de racks?,What is the lead time for a new rack project?,i18n
faq_page.categories.delivery.q3,¿Pueden acelerar un proyecto urgente?,Can you accelerate an urgent project?,i18n
faq_page.categories.delivery.q4,¿Qué pasa si hay retrasos en la instalación?,What happens if there are installation delays?,i18n
faq_page.categories.delivery.q5,¿Cuánto toma recibir una cotización después de la visita técnica?,How long does it take to receive a quote after the technical visit?,i18n
faq_page.categories.delivery.title,TIEMPOS DE ENTREGA,DELIVERY TIMES,i18n
faq_page.categories.services.a1,"Ofrecemos una gama completa que incluye rack selectivo, rack drive-in y drive-through, sistemas push-back, racks cantilever, soluciones de mezzanine y sistemas multinivel. Cada solución está diseñada para cumplir con tus requerimientos operativos específicos.","We offer a full range including selective rack, drive-in and drive-through rack, push-back systems, cantilever racks, mezzanine solutions, and multi-level systems. Each solution is designed to meet your specific operational requirements.",i18n
faq_page.categories.services.a2,"Sí. Proporcionamos programas integrales de inspección que incluyen inspecciones anuales certificadas, reportes de evaluación de daños, reemplazo de componentes y auditorías de cumplimiento de seguridad. Las inspecciones regulares son críticas para mantener un ambiente de almacén seguro.","Yes. We provide comprehensive inspection programs including certified annual inspections, damage assessment reports, component replacement, and safety compliance audits. Regular inspections are critical to maintaining a safe warehouse environment.",i18n
faq_page.categories.services.a3,"Por supuesto. Nuestro equipo de ingeniería realiza evaluaciones exhaustivas del sitio, considerando las condiciones del piso, alturas de techo, ubicación de columnas y patrones de flujo de trabajo existentes. Diseñamos soluciones que optimizan tu espacio actual.","Of course. Our engineering team conducts thorough site evaluations, considering floor conditions, ceiling heights, column placement, and existing workflow patterns. We design solutions that optimize your current space.",i18n
faq_page.categories.services.a4,"Sí. Todos nuestros sistemas están diseñados para cumplir o superar los requisitos sísmicos locales. Utilizamos cálculos estructurales y materiales certificados, y cada instalación incluye anclaje y arriostramiento adecuados para zonas sísmicas.","Yes. All our systems are designed to meet or exceed local seismic requirements. We use structural calculations and certified materials, and each installation includes proper anchoring and bracing for seismic zones.",i18n
faq_page.categories.services.a5,"Atendemos una amplia gama de industrias incluyendo logística y distribución, alimentos y bebidas, farmacéutica, automotriz, retail, e-commerce, manufactura y operaciones de almacenamiento en frío.","We serve a wide range of industries including logistics and distribution, food and beverage, pharmaceutical, automotive, retail, e-commerce, manufacturing, and cold storage operations.",i18n
faq_page.categories.services.q1,¿Qué tipos de sistemas de racks ofrecen?,What types of rack systems do you offer?,i18n
faq_page.categories.services.q2,¿Proporcionan servicios de inspección de racks?,Do you provide rack inspection services?,i18n
faq_page.categories.services.q3,¿Pueden trabajar con la distribución existente de mi almacén?,Can you work with my existing warehouse layout?,i18n
faq_page.categories.services.q4,¿Sus sistemas de racks cumplen con los requisitos sísmicos?,Do your rack systems meet seismic requirements?,i18n
faq_page.categories.services.q5,¿Qué industrias atienden?,What industries do you serve?,i18n
faq_page.categories.services.title,SERVICIOS,SERVICES,i18n
faq_page.cta.bg_text,CONTÁCTANOS,CONTACT US,i18n
faq_page.cta.btn,Cotizar Proyecto,Quote Project,i18n
faq_page.cta.description,Contáctanos para una consultoría gratuita y evaluación de tu almacén.,Contact us for a free consultation and warehouse evaluation.,i18n
faq_page.cta.title,INICIA TU PROYECTO HOY,START YOUR PROJECT TODAY,i18n
faq_page.hero.bg_text,FAQ,FAQ,i18n
faq_page.hero.cta,Contáctanos,Contact Us,i18n
faq_page.hero.description,"Encuentra respuestas a las dudas más comunes sobre nuestros servicios, instalación y soporte técnico.","Find answers to the most common questions about our services, installation, and technical support.",i18n
faq_page.hero.mobile_subtitle,FAQ,FAQ,i18n
faq_page.hero.title_p1,PREGUNTAS,FREQUENTLY,i18n
faq_page.hero.title_p2,FRECUENTES,ASKED QUESTIONS,i18n
footer.brand_text,"Soluciones de racks industriales diseñadas, fabricadas e instaladas con precisión. Estructura que eleva tu negocio.","Industrial racking solutions designed, manufactured, and installed with precision. Structure that elevates your business.",i18n
footer.company_about,Nosotros,About Us,i18n
footer.company_blog,Blog,Blog,i18n
footer.company_contact,Contacto,Contact,i18n
footer.company_services,Servicios,Services,i18n
footer.company_title,Empresa,Company,i18n
footer.informative_title,Informativa,Informational,i18n
footer.legal_title,Legales,Legal,i18n
footer.link_about,Nosotros,About Us,i18n
footer.link_blog,Blog,Blog,i18n
footer.link_contact,Contacto,Contact,i18n
footer.link_coverage,Cobertura,Coverage,i18n
footer.link_custom_racks,Racks personalizados,Custom Racks,i18n
footer.link_faq,FAQ,FAQ,i18n
footer.link_home,Inicio,Home,i18n
footer.link_predesigned_racks,Racks prefabricados,Predesigned Racks,i18n
footer.link_privacy_policy,Política de Privacidad,Privacy Policy,i18n
footer.link_services,Servicios,Services,i18n
footer.link_terms_service,Términos de Servicio,Terms of Service,i18n
footer.link_world_class_materials,Materiales de clase mundial,World-Class Materials,i18n
footer.rights_reserved,Flint Racks. Todos los derechos reservados.,Flint Racks. All rights reserved.,i18n
footer.services_cantilever,Rack Cantilever,Cantilever Racking,i18n
footer.services_drivein,Rack Drive-In,Drive-In Racking,i18n
footer.services_links_title,Servicios,Services,i18n
footer.services_pushback,Sistemas Push-Back,Push-Back Systems,i18n
footer.services_selective,Rack Selectivo,Selective Racking,i18n
footer.services_title,Servicios,Services,i18n
footer.slogan,Estructura es Poder,Structure is Power,i18n
footer.studio_credit,Diseñado y desarrollado por tBE Studio,Designed and developed by tBE Studio,i18n
footer.support_faq,Preguntas Frecuentes,FAQ,i18n
footer.support_privacy,Política de Privacidad,Privacy Policy,i18n
footer.support_terms,Términos de Servicio,Terms of Service,i18n
footer.support_title,Soporte,Support,i18n
home.about.cta,Conocer Más,Learn More,i18n
home.about.description,"Flint Racks nació de la convicción de que la eficiencia y la seguridad son la base de toda operación bien diseñada. Estamos enfocados en diseñar, fabricar e implementar racks industriales y soluciones de almacenamiento, respaldadas por conocimiento y experiencia de campo.","Flint Racks was born from the conviction that efficiency and safety are the foundation of any well-designed operation. We are focused on designing, manufacturing, and implementing industrial racks and storage solutions, backed by technical knowledge and field experience.",i18n
home.about.label,Nosotros,About Us,i18n
home.about.title,SOMOS,WE ARE,i18n
home.benefits.b1_desc,"Cada diseño cumple con normativas sísmicas y de seguridad, respaldado por ingenieros certificados.","Every design complies with seismic and safety regulations, backed by certified engineers.",i18n
home.benefits.b1_title_full,INGENIERÍA ESTRUCTURAL CERTIFICADA,CERTIFIED STRUCTURAL ENGINEERING,i18n
home.benefits.b1_title_p1,INGENIERÍA ESTRUCTURAL,CERTIFIED STRUCTURAL,i18n
home.benefits.b1_title_p2,CERTIFICADA,ENGINEERING,i18n
home.benefits.b2_desc,Diseñamos cada proyecto según las necesidades específicas de tu industria y operación.,We design each project according to the specific needs of your industry and operation.,i18n
home.benefits.b2_title_full,SOLUCIONES PERSONALIZADAS,CUSTOMIZED SOLUTIONS,i18n
home.benefits.b2_title_p1,SOLUCIONES,CUSTOMIZED,i18n
home.benefits.b2_title_p2,PERSONALIZADAS,SOLUTIONS,i18n
home.benefits.b3_desc,Acompañamiento completo desde el diseño hasta la instalación y mantenimiento continuo.,Complete support from design and installation to continuous maintenance.,i18n
home.benefits.b3_title_full,GESTIÓN INTEGRAL DE PROYECTOS,COMPREHENSIVE PROJECT MANAGEMENT,i18n
home.benefits.b3_title_p1,GESTIÓN INTEGRAL,COMPREHENSIVE,i18n
home.benefits.b3_title_p2,DE PROYECTOS,PROJECT MANAGEMENT,i18n
home.benefits.title_p1,BENEFICIOS DE TRABAJAR,BENEFITS OF WORKING,i18n
home.benefits.title_p2,CON NOSOTROS,WITH US,i18n
home.blog.subtitle,Últimas Publicaciones,Latest Publications,i18n
home.blog.title,DEL BLOG,FROM THE BLOG,i18n
home.coverage.bg_text,COBERTURA,COVERAGE,i18n
home.coverage.cta,Ver Cobertura,View Coverage,i18n
home.coverage.stat1_desc,Del territorio mexicano cubierto,Of Mexican territory covered,i18n
home.coverage.stat1_value,98%,98%,i18n
home.coverage.stat2_desc,De clientes felices,Happy clients,i18n
home.coverage.stat2_value,98%,98%,i18n
home.coverage.title,Tenemos una cobertura casi total ubicada en puntos estratégicos de la república mexicana,We have almost total coverage located in strategic points of the Mexican Republic,i18n
home.faq.a1,"Ofrecemos una amplia gama de racks industriales incluyendo selectivos, drive-in, drive-through, push-back, dinámicos por gravedad, cantilever y entrepisos. Cada sistema se diseña según las necesidades específicas de almacenamiento y operación de su empresa.","We offer a wide range of industrial racks including selective, drive-in, drive-through, push-back, gravity flow, cantilever, and mezzanines. Each system is designed according to the specific storage and operational needs of your company.",i18n
home.faq.a2,"El tiempo varía según la complejidad y escala del proyecto. Un proyecto estándar puede completarse entre 4 y 8 semanas, incluyendo diseño, fabricación e instalación. Proyectos más grandes pueden requerir fases adicionales que planificamos cuidadosamente para minimizar la interrupción de sus operaciones.","Time varies depending on project complexity and scale. A standard project can be completed in 4 to 8 weeks, including design, manufacturing, and installation. Larger projects may require additional phases which we carefully plan to minimize disruption to your operations.",i18n
home.faq.a3,"Sí, todos nuestros sistemas de racks están diseñados y fabricados cumpliendo con las normativas sísmicas vigentes. Realizamos cálculos estructurales específicos para cada proyecto considerando la zona sísmica, tipo de suelo y cargas de operación.","Yes, all our racking systems are designed and manufactured in compliance with current seismic regulations. We perform specific structural calculations for each project considering the seismic zone, soil type, and operating loads.",i18n
home.faq.a4,"Sí, contamos con programas de mantenimiento preventivo e inspección periódica. Nuestros técnicos certificados realizan revisiones programadas para detectar y corregir cualquier anomalía, garantizando la seguridad y prolongando la vida útil de sus sistemas de almacenamiento.","Yes, we have preventive maintenance and periodic inspection programs. Our certified technicians perform scheduled reviews to detect and correct any anomalies, ensuring safety and extending the life of your storage systems.",i18n
home.faq.a5,"Absolutamente. Nuestro equipo de ingeniería realiza un levantamiento detallado de su espacio para diseñar soluciones a medida que maximicen el aprovechamiento del área disponible, considerando alturas, columnas, accesos y flujo operativo.","Absolutely. Our engineering team conducts a detailed survey of your space to design custom solutions that maximize the use of available area, considering heights, columns, access, and operational flow.",i18n
home.faq.a6,"Todos nuestros racks cuentan con garantía de fabricación. Además, proporcionamos garantía en la instalación y ofrecemos soporte técnico continuo. Los detalles específicos de garantía se definen según el tipo de producto y proyecto.","All our racks have a manufacturing warranty. In addition, we provide an installation warranty and offer continuous technical support. Specific warranty details are defined according to the type of product and project.",i18n
home.faq.a7,"Sí, atendemos desde pequeñas y medianas empresas hasta grandes corporativos. Nuestras soluciones son escalables y se adaptan a cualquier volumen de operación, garantizando siempre la misma calidad y compromiso sin importar el tamaño del proyecto.","Yes, we serve everyone from small and medium enterprises to large corporations. Our solutions are scalable and adapt to any operation volume, always guaranteeing the same quality and commitment regardless of project size.",i18n
home.faq.cta,Ver Todas las Preguntas,View All Questions,i18n
home.faq.q1,¿Qué tipos de racks industriales ofrecen?,What types of industrial racks do you offer?,i18n
home.faq.q2,¿Cuánto tiempo toma un proyecto de instalación?,How long does an installation project take?,i18n
home.faq.q3,¿Sus racks cumplen con normativas sísmicas?,Do your racks comply with seismic regulations?,i18n
home.faq.q4,¿Ofrecen servicio de mantenimiento preventivo?,Do you offer preventive maintenance services?,i18n
home.faq.q5,¿Pueden adaptar racks a espacios existentes?,Can you adapt racks to existing spaces?,i18n
home.faq.q6,¿Qué garantía ofrecen en sus productos?,What warranty do you offer on your products?,i18n
home.faq.q7,¿Trabajan con empresas de cualquier tamaño?,Do you work with companies of any size?,i18n
home.faq.title_p1,PREGUNTAS,FREQUENTLY ASKED,i18n
home.faq.title_p2,FRECUENTES,QUESTIONS,i18n
home.hero.cta,Cotizar Proyecto,Get a Quote,i18n
home.hero.description,"Diseñamos, fabricamos e instalamos soluciones de racks industriales respaldadas por experiencia técnica y de campo. Cada proyecto nace de un análisis riguroso.","We design, manufacture, and install industrial racking solutions backed by technical and field experience. Every project starts with a rigorous analysis.",i18n
home.hero.title_p1,MÁS QUE,MORE THAN,i18n
home.hero.title_p2,RACKS:,RACKS:,i18n
home.hero.title_p3,ESTRUCTURA,STRUCTURE,i18n
home.hero.title_p4,QUE ELEVA,THAT ELEVATES,i18n
home.hero.title_p5,TU NEGOCIO.,YOUR BUSINESS.,i18n
home.hero.trust_badge,La confianza de +500 empresas,Trusted by 500+ companies,i18n
home.industries.ind1,Logística y Distribución,Logistics and Distribution,i18n
home.industries.ind2,Manufactura,Manufacturing,i18n
home.industries.ind3,Retail y Comercio,Retail and Commerce,i18n
home.industries.ind4,Farmacéutica,Pharmaceutical,i18n
home.industries.ind5,Alimentos y Bebidas,Food and Beverage,i18n
home.industries.ind6,Automotriz,Automotive,i18n
home.industries.title_p1,INDUSTRIAS QUE,INDUSTRIES THAT,i18n
home.industries.title_p2,CONFÍAN EN NOSOTROS,TRUST US,i18n
home.services.s1_desc,"Soluciones de almacenamiento listas para instalar, diseñadas con medidas y configuraciones estándar que se adaptan a la mayoría de los espacios industriales. Ideales para optimizar tu operación de forma rápida y eficiente.","Ready-to-install storage solutions, designed with standard measurements and configurations that adapt to most industrial spaces. Ideal for optimizing your operation quickly and efficiently.",i18n
home.services.s1_subtitle,Estándar,Standard,i18n
home.services.s1_title,Racks Prediseñados,Pre-designed Racks,i18n
home.services.s2_desc,"Diseñamos y fabricamos racks completamente adaptados a las necesidades específicas de tu operación, espacio y tipo de carga. Cada proyecto es único, garantizando máxima eficiencia y aprovechamiento de tu almacén.","We design and manufacture racks fully adapted to the specific needs of your operation, space, and load type. Every project is unique, ensuring maximum efficiency and utilization of your warehouse.",i18n
home.services.s2_subtitle,A la Medida,Tailor-made,i18n
home.services.s2_title,Racks Personalizados,Custom Racks,i18n
home.services.subtitle,Lo Que Hacemos,What We Do,i18n
home.services.title,Nuestros Servicios,Our Services,i18n
home.stats.projects,Proyectos Completados,Completed Projects,i18n
home.stats.satisfaction,Satisfacción del Cliente,Client Satisfaction,i18n
home.stats.team,Miembros del Equipo,Team Members,i18n
home.stats.years,Años de Experiencia,Years of Experience,i18n
navbar.about,Nosotros,About Us,i18n
navbar.blog,Blog,Blog,i18n
navbar.contact,Contacto,Contact,i18n
navbar.coverage,Cobertura,Coverage,i18n
navbar.cta,Cotizar,Get a Quote,i18n
navbar.faq,FAQ,FAQ,i18n
navbar.home,Inicio,Home,i18n
navbar.open_menu,Abrir menú,Open menu,i18n
navbar.services,Servicios,Services,i18n
not_found_page.back_home,Volver al Inicio,Back to Home,i18n
not_found_page.message,¡Oops! Página no encontrada,Oops! Page not found,i18n
services.cta.bg_text,CONTÁCTANOS,CONTACT US,i18n
services.cta.btn,Cotizar Proyecto,Quote Project,i18n
services.cta.description,Contáctanos para una consultoría gratuita y evaluación de tu almacén.,Contact us for a free consultation and warehouse evaluation.,i18n
services.cta.title,INICIA TU PROYECTO HOY,START YOUR PROJECT TODAY,i18n
services.expertise.desc,"En Flint Racks trabajamos exclusivamente con los mejores manufactureros de acero a nivel internacional, provenientes del continente asiático, asegurando un cuidado milimétrico en cada pieza que integra nuestras infraestructuras.","At Flint Racks, we work exclusively with the best international steel manufacturers from the Asian continent, ensuring meticulous care in every piece that makes up our infrastructures.",i18n
services.expertise.pt1_desc,Cada componente es fabricado con acero de alta resistencia proveniente de los principales manufactureros internacionales del continente asiático.,Every component is manufactured with high-strength steel from major international manufacturers in the Asian continent.,i18n
services.expertise.pt1_title,Acero de Grado Industrial,Industrial Grade Steel,i18n
services.expertise.pt2_desc,"Cada pieza pasa por rigurosos controles de calidad dimensional, garantizando ensambles perfectos y estructuras seguras en cada instalación.","Every piece goes through rigorous dimensional quality controls, ensuring perfect assemblies and safe structures in every installation.",i18n
services.expertise.pt2_title,Precisión Milimétrica,Millimeter Precision,i18n
services.expertise.subtitle,Calidad Sin Compromiso,Quality Without Compromise,i18n
services.expertise.title,Materiales de Clase Mundial,World-Class Materials,i18n
services.hero.bg_text,SERVICIOS,SERVICES,i18n
services.hero.cta,Cotizar Proyecto,Quote Project,i18n
services.hero.description,"Desde rack selectivo hasta alta densidad, diseñamos e instalamos la solución adecuada para tu operación.","From selective racking to high density, we design and install the right solution for your operation.",i18n
services.hero.mobile_subtitle,SERVICIOS,SERVICES,i18n
services.hero.title_p1,SOLUCIONES,SOLUTIONS,i18n
services.hero.title_p2,DISEÑADAS,DESIGNED,i18n
services.hero.title_p3,PARA TI,FOR YOU,i18n
services.mission.adv1_desc,Cada estructura es fabricada con materiales certificados y procesos de control de calidad rigurosos que aseguran durabilidad y rendimiento.,Every structure is manufactured with certified materials and rigorous quality control processes that ensure durability and performance.,i18n
services.mission.adv1_title,Calidad Garantizada,Guaranteed Quality,i18n
services.mission.adv2_desc,"Diseñamos cada proyecto según las necesidades específicas de tu operación, espacio disponible y proyección de crecimiento.","We design each project according to the specific needs of your operation, available space, and growth projections.",i18n
services.mission.adv2_title,Soluciones a la Medida,Tailored Solutions,i18n
services.mission.adv3_desc,"Acompañamiento integral desde la consultoría inicial hasta la instalación y mantenimiento, con un equipo de ingenieros especializados.","Comprehensive support from initial consulting to installation and maintenance, with a team of specialized engineers.",i18n
services.mission.adv3_title,Respaldo Técnico,Technical Support,i18n
services.mission.subtitle,Ventajas Que Se Reflejan,Advantages That Reflect,i18n
services.mission.title,Calidad y respaldo en cada estructura que construimos,Quality and support in every structure we build,i18n
services.process.steps.step1.desc,Nos acercamos a ti para conocer tus necesidades y entender cómo podemos atender los retos de tu operación.,We reach out to you to know your needs and understand how we can address your operational challenges.,i18n
services.process.steps.step1.title,Primer Contacto,First Contact,i18n
services.process.steps.step2.desc,"Realizamos una entrevista detallada para mapear dimensiones, necesidades específicas y definir cómo trabajaremos juntos.","We conduct a detailed interview to map dimensions, specific needs, and define how we will work together.",i18n
services.process.steps.step2.title,Información del Cliente,Client Information,i18n
services.process.steps.step3.desc,"Nuestros especialistas visitan tu bodega para evaluar necesidades de carga, distribución y logística interna.","Our specialists visit your warehouse to assess load needs, layout, and internal logistics.",i18n
services.process.steps.step3.title,Visita de Campo,Field Visit,i18n
services.process.steps.step4.desc,"El especialista realiza un levantamiento completo, determina materiales y costos, y te presenta una propuesta que satisfaga tus necesidades.","The specialist conducts a complete assessment, determines materials and costs, and presents a proposal that meets your needs.",i18n
services.process.steps.step4.title,Levantamiento y Propuesta,Assessment and Proposal,i18n
services.process.steps.step5.desc,Cada bodega es diferente. Tu ejecutivo creará una planeación a la medida para cumplir con el proyecto en tiempo y forma según tu industria.,Every warehouse is different. Your executive will create a tailored plan to deliver the project on time and according to your industry.,i18n
services.process.steps.step5.title,Aprobación y Planeación,Approval and Planning,i18n
services.process.subtitle,Nuestro Proceso,Our Process,i18n
services.process.title,DEL CONCEPTO A LA OPERACIÓN,FROM CONCEPT TO OPERATION,i18n
services.products.bg_text,CASOS DE ÉXITO,SUCCESS STORIES,i18n
services.products.desc,"Nuestros clientes han optimizado sus operaciones logísticas, reducido costos y maximizándoles su capacidad de almacenamiento gracias a las soluciones que ofrecemos.","Our clients have optimized their logistics operations, reduced costs, and maximized their storage capacity thanks to the solutions we offer.",i18n
services.products.title,Impacto Real en Empresas Reales,Real Impact on Real Companies,i18n
services.showcase.cta,Cotizar Ahora,Quote Now,i18n
services.showcase.custom_desc,"Diseñamos y fabricamos soluciones de almacenamiento únicas, adaptadas a las dimensiones, cargas y flujos operativos de tu almacén.","We design and manufacture unique storage solutions, tailored to the dimensions, loads, and operational workflows of your warehouse.",i18n
services.showcase.custom_num_desc,Esta solución es ideal para quienes buscan un diseño único adaptado a su operación,This solution is ideal for those looking for a unique design adapted to their operation,i18n
services.showcase.custom_subtitle,A la Medida,Custom,i18n
services.showcase.custom_title,Racks Personalizados,Custom Racks,i18n
services.showcase.predefined_desc,"Sistemas de almacenamiento probados y listos para instalar, con tiempos de entrega reducidos y máxima eficiencia operativa.","Proven and ready-to-install storage systems, with reduced delivery times and maximum operational efficiency.",i18n
services.showcase.predefined_num_desc,Esta solución es ideal para quienes necesitan rapidez de instalación y eficiencia comprobada,This solution is ideal for those who need fast installation and proven efficiency,i18n
services.showcase.predefined_subtitle,Estándar,Standard,i18n
services.showcase.predefined_title,Racks Prediseñados,Predesigned Racks,i18n
privacy_page.sections.1.title,1. Información que recopilamos,,privacy_page
privacy_page.sections.1.body,"Podemos recopilar datos de identificación y contacto (nombre, correo electrónico, teléfono y empresa), así como información técnica de navegación (IP, navegador, dispositivo, páginas visitadas y tiempos de sesión).",,privacy_page
privacy_page.sections.2.title,2. Finalidad del tratamiento,,privacy_page
privacy_page.sections.2.body,"Utilizamos la información para atender solicitudes de contacto y cotización, brindar soporte comercial y técnico, mejorar la experiencia del sitio, dar seguimiento a proyectos y cumplir obligaciones legales aplicables.",,privacy_page
privacy_page.sections.3.title,3. Base legal,,privacy_page
privacy_page.sections.3.body,"Tratamos datos personales con base en el consentimiento del titular, la ejecución de una relación precontractual o contractual y/o el cumplimiento de obligaciones legales, según corresponda en cada caso.",,privacy_page
privacy_page.sections.4.title,4. Conservación de datos,,privacy_page
privacy_page.sections.4.body,"Los datos se conservan durante el tiempo necesario para cumplir las finalidades señaladas y los plazos legales aplicables. Una vez concluido dicho periodo, se eliminarán o anonimizarán de forma segura.",,privacy_page
privacy_page.sections.5.title,5. Transferencias y encargados,,privacy_page
privacy_page.sections.5.body,"Podemos apoyarnos en proveedores tecnológicos para alojamiento web, analítica, correo y formularios. Dichos terceros operan bajo obligaciones de confidencialidad y medidas de seguridad adecuadas.",,privacy_page
privacy_page.sections.6.title,6. Derechos del titular,,privacy_page
privacy_page.sections.6.body,"Puedes solicitar acceso, rectificación, cancelación u oposición de tus datos, así como limitar su uso o revocar consentimiento, escribiendo a contacto@flintracks.com.",,privacy_page
privacy_page.sections.7.title,7. Cookies y tecnologías similares,,privacy_page
privacy_page.sections.7.body,"Este sitio puede utilizar cookies para funciones de navegación, análisis y mejora de rendimiento. Puedes administrar su uso desde la configuración de tu navegador.",,privacy_page
privacy_page.sections.8.title,8. Seguridad,,privacy_page
privacy_page.sections.8.body,"Implementamos medidas técnicas, administrativas y organizativas razonables para proteger la información contra acceso no autorizado, pérdida, alteración o uso indebido.",,privacy_page
privacy_page.sections.9.title,9. Cambios a esta política,,privacy_page
privacy_page.sections.9.body,Nos reservamos el derecho de actualizar este aviso en cualquier momento. La versión vigente será publicada en esta misma página con su fecha de actualización.,,privacy_page
privacy_page.sections.10.title,10. Contacto,,privacy_page
privacy_page.sections.10.body,"Si tienes dudas sobre esta Política de Privacidad, puedes escribirnos a contacto@flintracks.com.",,privacy_page
terms_page.sections.1.title,1. Aceptación de los términos,,terms_page
terms_page.sections.1.body,"Al acceder y utilizar este sitio web, aceptas estos Términos de Servicio. Si no estás de acuerdo con ellos, deberás abstenerte de usar el sitio.",,terms_page
terms_page.sections.2.title,2. Objeto del sitio,,terms_page
terms_page.sections.2.body,"El sitio tiene fines informativos y comerciales respecto a soluciones de almacenamiento industrial, racks y servicios asociados ofrecidos por Flint Racks.",,terms_page
terms_page.sections.3.title,3. Uso permitido,,terms_page
terms_page.sections.3.body,"El usuario se compromete a utilizar el sitio de forma lícita, sin afectar su funcionamiento, seguridad, integridad ni derechos de terceros.",,terms_page
terms_page.sections.4.title,4. Propiedad intelectual,,terms_page
terms_page.sections.4.body,"Los contenidos del sitio (textos, marcas, imágenes, videos, diseño y código) son propiedad de Flint Racks o de sus licenciantes y están protegidos por la legislación aplicable.",,terms_page
terms_page.sections.5.title,5. Cotizaciones y propuestas,,terms_page
terms_page.sections.5.body,"La información publicada no constituye una oferta vinculante. Las cotizaciones, tiempos, alcances y condiciones finales se establecen por escrito en propuestas comerciales específicas.",,terms_page
terms_page.sections.6.title,6. Limitación de responsabilidad,,terms_page
terms_page.sections.6.body,"Flint Racks no será responsable por daños indirectos, incidentales o consecuenciales derivados del uso o imposibilidad de uso del sitio, salvo disposición legal expresa en contrario.",,terms_page
terms_page.sections.7.title,7. Enlaces a terceros,,terms_page
terms_page.sections.7.body,"El sitio puede incluir enlaces externos. Flint Racks no controla ni garantiza el contenido, disponibilidad o políticas de dichos sitios de terceros.",,terms_page
terms_page.sections.8.title,8. Modificaciones,,terms_page
terms_page.sections.8.body,Podemos actualizar estos términos en cualquier momento. La versión vigente se publicará en esta página e indicará la fecha de última actualización.,,terms_page
terms_page.sections.9.title,9. Legislación aplicable,,terms_page
terms_page.sections.9.body,Estos términos se rigen por la legislación aplicable en México. Cualquier controversia será resuelta por las autoridades competentes conforme a derecho.,,terms_page
terms_page.sections.10.title,10. Contacto,,terms_page
terms_page.sections.10.body,"Para dudas sobre estos Términos de Servicio, escríbenos a contacto@flintracks.com.",,terms_page
